clientId,fullName,username,password,email,phone,streetAddress,city,state,postalCode,country,postalStreetAddress,postCity,postalState,postalPostalCode,postalCountry,poBoxAddress,outstandingBalance,transactionHistory,accountCreationDate,lastLoginDate,accountStatus
CL0001,Adam Wu,jessicaburns,28IpwMoG#p,david18@lewis-gonzalez.org,+1-272-696-9674x68989,5412 Linda Point Apt. 725,Port Lindsey,Missouri,78533,Saudi Arabia,933 Madison Circles Apt. 347,Sarahstad,Arkansas,3114,Uzbekistan,,831.34,16 transactions,8/3/2023,2/3/2024,Inactive
CL0002,Daniel Robertson,kathy85,^0sJr)qT!$,gregory48@yahoo.com,100.850.8500x24803,01660 Sharon Street,North Rebecca,Montana,92783,Congo,01660 Sharon Street,North Rebecca,Montana,92783,Congo,,175.7,2 transactions,11/28/2021,4/16/2023,Suspended
CL0003,Daniel Ferguson,rchambers,DU5OQchgS+,richard77@gmail.com,-3688,092 Michael Prairie Suite 129,Markchester,Tennessee,26008,Trinidad and Tobago,092 Michael Prairie Suite 129,Markchester,Tennessee,26008,Trinidad and Tobago,PO Box 246,588.56,19 transactions,5/6/2022,5/19/2023,Active
CL0004,Jay Ayers,xwilliams,$2OPMp6l9+,heather03@klein.info,-8354,8083 Karen Ville,Abbottport,Ohio,89698,Palau,737 Ernest Terrace,Lake Craig,Iowa,15346,Christmas Island,,16.66,14 transactions,6/1/2021,7/18/2023,Suspended
CL0005,Dennis Terry,howellmegan,Ag07Wm+w(+,john45@gmail.com,(995)773-3121,402 Jeffrey Club,Nelsonhaven,Indiana,33573,Mongolia,402 Jeffrey Club,Nelsonhaven,Indiana,33573,Mongolia,,325.42,14 transactions,12/14/2021,1/6/2024,Suspended
CL0006,Joseph Caldwell,elizabeth68,#4TdVL8rC#,qellis@gmail.com,(069)187-3076,359 Fuller Ramp Suite 555,South Jenniferburgh,Idaho,6604,Kuwait,359 Fuller Ramp Suite 555,South Jenniferburgh,Idaho,6604,Kuwait,,680,10 transactions,7/31/2023,6/5/2024,Inactive
CL0007,Ryan Potts,bryantgregory,#zEQmg*&^3,wilkersonmatthew@gmail.com,099.755.5580x759,825 Beasley Coves,West Donna,Oklahoma,55588,Czech Republic,825 Beasley Coves,West Donna,Oklahoma,55588,Czech Republic,,569.19,18 transactions,12/4/2023,9/28/2024,Inactive
CL0008,Brianna Mcdonald,saraestes,#NAME?,lawrence46@collins.com,544.088.0908x196,907 Michael Cliff Apt. 729,Cruzport,West Virginia,46505,Tuvalu,907 Michael Cliff Apt. 729,Cruzport,West Virginia,46505,Tuvalu,PO Box 608,631.73,5 transactions,6/5/2021,9/12/2023,Inactive
CL0009,Ryan Perez,jacob82,Gg+0Y6bp)2,lisa42@leach.com,(756)666-1094x438,1469 Simpson Knolls Apt. 547,Schroederbury,Arkansas,50920,Netherlands,1469 Simpson Knolls Apt. 547,Schroederbury,Arkansas,50920,Netherlands,PO Box 988,924.79,18 transactions,3/9/2020,5/17/2024,Inactive
CL0010,Eric Garza,amythompson,HH$p9gKq6$,mosesevan@hotmail.com,3903037945,357 Thompson Green Suite 043,North Michael,Wyoming,21694,Iceland,357 Thompson Green Suite 043,North Michael,Wyoming,21694,Iceland,PO Box 511,890.44,14 transactions,6/8/2021,7/2/2024,Inactive
CL0011,Elizabeth Sanchez,robertskaren,qe9voKqJr+,john21@gmail.com,4553769102,14788 Gutierrez Valleys,East Williamside,Tennessee,27379,French Southern Territories,84112 Lee Gardens,East Cynthia,South Carolina,91489,Cocos (Keeling) Islands,,145.75,4 transactions,10/5/2023,7/24/2024,Suspended
CL0012,David Wilson,bridgesdaniel,_Ug17FhP(3,sthomas@martinez.biz,962-771-5014x559,560 Shawn Port Apt. 347,Timothymouth,Florida,74823,Croatia,560 Shawn Port Apt. 347,Timothymouth,Florida,74823,Croatia,PO Box 201,456.94,19 transactions,5/15/2023,6/23/2024,Suspended
CL0013,Nancy Ritter,snowjonathan,jb6pL1mkW&,bettyharvey@johnson.com,+1-925-790-4598x35551,5737 William Port Suite 207,Scottfort,Arizona,97911,Lithuania,3474 Barker Estate Apt. 010,Amberbury,New Jersey,27402,Reunion,,872.71,7 transactions,4/20/2022,1/24/2024,Active
CL0014,Erin Martinez,sgilbert,O#XZAy^!^1,ashleyryan@gmail.com,001-326-339-7484x7684,255 Kaitlyn Manor,Elizabethland,Florida,48975,Canada,255 Kaitlyn Manor,Elizabethland,Florida,48975,Canada,PO Box 819,127.68,4 transactions,11/29/2022,1/16/2023,Active
CL0015,Brian Wells,zcameron,_tH3r+MzO3,edwardssamuel@yahoo.com,822.559.4795x00184,94858 Cruz Prairie Suite 243,Janetside,Rhode Island,26277,Macao,94858 Cruz Prairie Suite 243,Janetside,Rhode Island,26277,Macao,PO Box 908,615.09,9 transactions,7/27/2020,11/6/2023,Inactive
CL0016,Shaun Mack,selenanichols,4CkPnY7m+C,christinemeyer@yahoo.com,(032)162-1692x03877,17085 Terry Isle,Nathanielview,West Virginia,77458,Moldova,343 Leslie Walk Suite 451,New Matthewport,Nevada,51463,Western Sahara,PO Box 566,992.28,19 transactions,2/27/2022,1/11/2024,Inactive
CL0017,Christie Hamilton,ijohnson,&6MfPs(f2T,larry77@gmail.com,565.052.9648,5054 Kristy Hill,Pattyfort,North Dakota,4975,Spain,371 James Key Apt. 090,Port Wesleystad,Arkansas,34635,American Samoa,,442.59,1 transactions,10/12/2023,5/23/2023,Suspended
CL0018,Bob Powell,brandon12,m$09V%qp!N,ann12@santos-burton.com,274.886.8379,6602 Johnson Shoals,Benjaminburgh,Alabama,67577,Bahamas,6602 Johnson Shoals,Benjaminburgh,Alabama,67577,Bahamas,PO Box 985,260.64,19 transactions,7/8/2022,4/15/2024,Active
CL0019,Julie Smith,wallacejessica,p_0DO(g&b6,jamessandoval@johnson-wilson.com,9761936891,0782 Thompson Mill Suite 796,South Brianside,Indiana,63594,Namibia,0782 Thompson Mill Suite 796,South Brianside,Indiana,63594,Namibia,,55.26,19 transactions,3/29/2021,5/21/2024,Suspended
CL0020,Robert Adkins,shawcaitlyn,AH6G9rCa%s,hescobar@klein.com,9775845021,046 David Crescent,Jaclynport,Massachusetts,13405,French Guiana,046 David Crescent,Jaclynport,Massachusetts,13405,French Guiana,,992.05,11 transactions,7/23/2021,7/18/2024,Suspended
CL0021,Michelle Martinez,patriciasmith,R@1xRniDQ%,lori45@yahoo.com,895.862.4224x3996,3863 Lopez Camp Apt. 376,Wilsonstad,Vermont,2436,Antigua and Barbuda,3863 Lopez Camp Apt. 376,Wilsonstad,Vermont,2436,Antigua and Barbuda,,131.74,3 transactions,9/26/2023,9/24/2024,Active
CL0022,Tammy Shields,jonesphilip,I4nY$$R3%c,richardfuller@delgado.com,7606105541,06650 Richard Drives Apt. 510,Amybury,South Carolina,69107,Mauritius,6249 Dickerson Mews Apt. 440,Jefferyberg,Maryland,19451,Netherlands,,172.04,13 transactions,1/7/2021,6/13/2023,Inactive
CL0023,Steven Johnson,ryanbarker,kUKftTPe_2,xsmith@gmail.com,118.828.2992,693 Miller Summit,South Steven,North Dakota,17339,India,693 Miller Summit,South Steven,North Dakota,17339,India,,666.48,20 transactions,3/23/2021,10/14/2023,Inactive
CL0024,Christopher Evans,smithstacey,Tv0jZ1qy*X,codybyrd@gmail.com,001-074-862-5085x31993,7600 Lori Pines,Lake Tyler,North Dakota,99702,Armenia,7600 Lori Pines,Lake Tyler,North Dakota,99702,Armenia,,751.84,17 transactions,2/17/2023,7/1/2023,Suspended
CL0025,Jane Thomas,frank12,Js9f1Kh7%*,michaelsalas@mercado.com,(860)524-4000,048 Cunningham Ranch Apt. 113,East Williammouth,Oregon,38287,Finland,048 Cunningham Ranch Apt. 113,East Williammouth,Oregon,38287,Finland,PO Box 501,285.09,8 transactions,5/24/2022,1/27/2024,Suspended
CL0026,Pamela Cross,campbellbruce,4!_8Uka8mg,johnlevine@peterson.biz,6079101150,6904 Miguel Knoll Suite 337,East Erinhaven,North Dakota,24258,Greece,52483 Christy Neck,Jessicaburgh,Tennessee,24045,Greenland,PO Box 481,40.84,2 transactions,8/22/2022,7/27/2023,Suspended
CL0027,Jessica Avila,baileybrenda,)kRRUih5%1,jamesrobinson@wright-allen.org,001-775-435-0256x625,69663 Williams Oval,New Maryfurt,Minnesota,56730,New Caledonia,69663 Williams Oval,New Maryfurt,Minnesota,56730,New Caledonia,,199.6,11 transactions,4/18/2021,11/16/2023,Active
CL0028,Mike Robles MD,aaron69,)8RemIR##q,deborah70@ortiz.biz,980-796-5984x133,3208 Castaneda Heights,Cooperborough,Kentucky,82841,Jamaica,3208 Castaneda Heights,Cooperborough,Kentucky,82841,Jamaica,PO Box 867,693.6,2 transactions,7/18/2021,5/20/2024,Suspended
CL0029,Sandra Hughes,mariereed,Mq36Hv7tP#,javier30@chen-jones.com,5026576551,767 Sean Pass Apt. 769,East Brandybury,Utah,85363,British Indian Ocean Territory (Chagos Archipelago),5333 Jones Street,South Matthewburgh,Colorado,68637,Benin,,492.88,6 transactions,5/16/2021,4/1/2023,Active
CL0030,Lee Goodwin,ayoung,_9#NLElSya,brandiblackburn@sanders.com,001-294-499-5287x00654,737 Todd Parkway,Juliashire,Missouri,76654,Zambia,39842 Smith Turnpike Apt. 384,Lake Meagan,Ohio,13295,Tuvalu,PO Box 273,747.93,17 transactions,7/7/2020,12/1/2023,Active
CL0031,Tammy Castillo,jimenezkrista,t4+J#FwS(l,carol04@valdez-hayes.com,001-964-490-1922x17138,620 Chavez Burgs,New Danielle,Minnesota,24866,Bouvet Island (Bouvetoya),84478 Booker Way Apt. 588,Lauramouth,Kansas,42935,Grenada,,44.4,11 transactions,8/13/2023,8/24/2024,Inactive
CL0032,Dawn Knight,hortoneddie,)Z55Rx)gWw,dmartin@hopkins.com,(118)210-2956x97949,454 Mitchell Row,Lake Susan,Maryland,42991,Iran,6242 Russell Junction,Hughestown,Utah,1302,Liechtenstein,PO Box 790,105.35,14 transactions,12/12/2020,5/12/2024,Suspended
CL0033,Sean Newman,ryanshah,^62S5_2cSg,michael70@hotmail.com,097-034-0862,3815 Bobby Drives Apt. 400,Chadborough,Massachusetts,91743,Bouvet Island (Bouvetoya),3815 Bobby Drives Apt. 400,Chadborough,Massachusetts,91743,Bouvet Island (Bouvetoya),PO Box 603,563.27,14 transactions,9/5/2023,7/27/2023,Inactive
CL0034,Sara Ortiz,smithpaul,$Bw(M4Mw14,zhaynes@hotmail.com,421.435.7129x41551,71513 Kristen Circles,Harmonberg,Georgia,30284,Benin,71513 Kristen Circles,Harmonberg,Georgia,30284,Benin,PO Box 616,770.25,7 transactions,2/27/2023,12/10/2024,Active
CL0035,Emma Spencer,tammymiller,%C%!2TnyVR,derek72@brown-caldwell.com,822.833.9628x96489,077 Anthony Meadows,East Michellebury,New York,48288,United Kingdom,077 Anthony Meadows,East Michellebury,New York,48288,United Kingdom,PO Box 287,532.46,20 transactions,6/28/2023,8/29/2024,Suspended
CL0036,Jonathan Garcia,briggsdenise,+A6Hz0Lx(i,whitneydavis@gmail.com,(820)604-2780,3165 Tyler Hill Suite 321,Harrisborough,New Mexico,74479,Puerto Rico,120 Bell Lake,Robertmouth,Mississippi,880,Timor-Leste,,173.99,2 transactions,2/6/2021,1/10/2024,Active
CL0037,Derrick Jenkins,pcook,+!Vb##2i!7,katherinebaker@yahoo.com,-6308,184 Matthew Circle,East Josephview,Maine,52879,Cape Verde,91969 Rodney Mountain Suite 063,Taylormouth,Minnesota,72452,Zambia,,482.28,7 transactions,4/19/2020,7/7/2023,Active
CL0038,Jason Stanton,patrick92,sQY^gOqN%1,smithsteven@yahoo.com,001-290-869-8883x14578,21142 Garcia Groves,South Jonathan,Illinois,53687,San Marino,21142 Garcia Groves,South Jonathan,Illinois,53687,San Marino,,866.98,1 transactions,4/23/2021,1/28/2023,Suspended
CL0039,Jeffrey Dalton,dgibson,L%27R^z@Us,tara68@chavez-hoover.com,001-610-606-6472x561,6159 Willis Knolls Apt. 620,Port Garrett,South Dakota,6159,Guinea-Bissau,2910 Clayton Village,North Lisa,Delaware,24465,Montenegro,,891.26,9 transactions,4/30/2023,6/2/2023,Inactive
CL0040,Brian Mendoza,elizabethstuart,$I^wS4QlOt,lunajudith@yahoo.com,+1-053-561-5034x67929,232 Wagner Underpass,Lowemouth,Louisiana,28428,Cambodia,273 Melinda Skyway,Simmonsfort,Wisconsin,4934,Turkmenistan,PO Box 945,854.32,1 transactions,9/1/2020,10/15/2024,Suspended
CL0041,James Reed,steven25,#@NUcrqGp7,kevinberg@hotmail.com,001-213-581-8965x9026,470 Timothy Hollow,South Sandra,Kansas,78403,Madagascar,470 Timothy Hollow,South Sandra,Kansas,78403,Madagascar,,837.15,16 transactions,5/23/2021,7/13/2023,Inactive
CL0042,Terry Wilson,wilsondenise,4D4Oaa!p_z,jpayne@gmail.com,571-048-5140,767 Holmes Landing,Williamston,Hawaii,61363,Guernsey,838 Kara Ferry Apt. 157,Madisonland,Arkansas,28402,Israel,,698.06,11 transactions,8/19/2023,10/15/2024,Active
CL0043,Kathryn Rivera,johnwatson,$S)kO2Mt8t,josephnelson@delgado.com,-6695,3789 Dylan Lodge,North Chelseaville,Washington,49421,Italy,651 Kimberly Mill,North Melanie,Kansas,68411,Djibouti,PO Box 613,530.77,13 transactions,3/8/2020,8/20/2024,Inactive
CL0044,Laura Smith,samantha76,N45nXs1*#a,kristenferrell@lowe-chan.com,654-853-5329x6415,868 Elliott Field,North Ashleyland,Montana,33593,Ecuador,868 Elliott Field,North Ashleyland,Montana,33593,Ecuador,PO Box 665,826.99,1 transactions,4/17/2021,7/5/2023,Suspended
CL0045,Brittney Howard,jenniferoliver,C*0BGcvfqm,brian38@hotmail.com,(264)373-6739x821,421 Nicholas Vista,New Katherinechester,Ohio,10941,Senegal,421 Nicholas Vista,New Katherinechester,Ohio,10941,Senegal,,725.94,16 transactions,4/18/2020,9/14/2024,Suspended
CL0046,Kara Valencia DDS,gthomas,yvd6W0lx^W,norristimothy@long-myers.biz,795-576-2516x87327,4764 James Brook,Pruittstad,Arizona,7248,Reunion,4764 James Brook,Pruittstad,Arizona,7248,Reunion,,452.94,13 transactions,5/28/2020,8/8/2023,Inactive
CL0047,Vincent Wilkins,williamslindsay,#bZKyb8vu7,zleon@yahoo.com,493.679.3547,011 Taylor Landing,South Wendyborough,Connecticut,7190,India,74804 Valdez Fork,West April,Oklahoma,1749,Slovakia (Slovak Republic),,668.82,20 transactions,5/12/2021,11/20/2024,Active
CL0048,Sydney Young,gomezjames,)00JgAroFZ,jamescarroll@robinson.com,203-315-4772,74422 Douglas Cliff,Port John,Kentucky,38332,Netherlands,9600 Crosby Valleys,Amyfurt,Indiana,6731,Equatorial Guinea,PO Box 637,828.61,15 transactions,11/2/2020,2/23/2023,Suspended
CL0049,Danielle Phillips PhD,ashleysanchez,s9yWQooh!!,huntvictoria@perry.com,262.948.7334,28032 Young Station Apt. 142,Paulfort,New York,31514,Afghanistan,28032 Young Station Apt. 142,Paulfort,New York,31514,Afghanistan,,703.73,17 transactions,4/18/2022,10/27/2024,Inactive
CL0050,Danielle Rosales,rwilliams,i_3Ts(f5+K,catherine08@elliott.org,130.111.4229x272,441 Villarreal Pine Suite 594,Coxmouth,Kentucky,91428,Luxembourg,352 Stephanie Alley,Port Denise,Montana,13414,Lesotho,PO Box 529,837.72,4 transactions,12/7/2020,8/8/2023,Active
